Symbol,ETF Name,Total Assets,YTD,Avg Volume,Previous Closing Price,1-Day Change,1 Week,4 Week,1 year,3 year,5 year,YTD FF,1 Week FF,4 Week FF,1 Year FF,3 Year FF,5 Year FF,ETFdb.com Category,Inception,ER,Commission Free,Annual Dividend Rate,Dividend Date,Dividend,Annual Dividend Yield %,P/E Ratio,Beta,# of Holdings,% In Top 10,ST Cap Gain Rate,LT Cap Gain Rate,Tax Form,Lower Bollinger,Upper Bollinger,Support 1,Resistance 1,RSI,Overall Rating,Liquidity Rating,Expenses Rating,Returns Rating,Volatility Rating,Dividend Rating,Concentration Rating,ESG Score,ESG Score Peer Percentile (%),ESG Score Global Percentile (%),Carbon Intensity (Tons of CO2e / $M Sales),SRI Exclusion Criteria (%),Sustainable Impact Solutions (%)
VWO,Vanguard FTSE Emerging Markets ETF,"$63,356,136.25",-6.23%,"11,965,119.0",$41.70,-3.52%,-4.73%,-2.57%,3.10%,14.63%,15.91%,"-$59,438,691.48","$2,893,960.30","-$67,113,043.03","$540,691,860.83","$10,430,359,511.39","$16,325,897,952.55",Emerging Markets Equities,2005-03-10,0.12%,3 Platforms,$1.44,2019-12-23,$0.56,3.30%,13.30,0.88,1620,22.60%,35%,15%,1099,$41.91,$44.56,$41.46,$41.93,38.84,A,A,A,B+,B,B+,A+,4.11,24.49%,21.19%,352.67,2.46%,3.98%
IEMG,iShares Core MSCI Emerging Markets ETF,"$58,673,903.81",-7.07%,"14,117,458.0",$49.96,-3.76%,-5.68%,-3.48%,-0.25%,15.03%,17.31%,"$402,617,340.00",$0.00,"-$248,163,888.00","$1,156,404,228.00","$34,159,523,256.00","$50,737,130,018.00",Emerging Markets Equities,2012-10-18,0.14%,Fidelity,$1.69,2019-12-16,$1.20,3.21%,12.72,0.89,2457,22.60%,35%,15%,1099,$50.43,$54.00,$49.68,$50.25,37.90,A,A,A,B+,B+,B,A,4.06,22.97%,20.54%,327.21,2.80%,4.26%
EEM,iShares MSCI Emerging Markets ETF,"$27,544,976.51",-7.13%,"65,354,736.0",$41.67,-3.74%,-5.72%,-3.23%,-0.37%,14.74%,15.75%,"-$265,890,856.50",$0.00,"-$646,449,511.50","-$5,823,346,099.50","-$2,807,451,607.50","-$4,864,911,979.50",Emerging Markets Equities,2003-04-11,0.68%,N/A,$1.24,2019-12-16,$0.93,2.82%,12.77,0.92,1208,25.30%,35%,15%,1099,$42.05,$45.07,$41.43,$41.91,38.16,A-,A+,B-,B,B,B,A,4.15,26.33%,21.76%,323.02,2.82%,4.41%
SCHE,Schwab Emerging Markets Equity ETF,"$6,486,086.15",-6.76%,"1,364,739.0",$25.52,-3.52%,-5.17%,-2.97%,2.34%,16.12%,18.01%,"$41,823,465.00",$0.00,$0.00,"$887,531,946.00","$3,544,980,800.00","$5,007,719,287.00",Emerging Markets Equities,2010-01-14,0.13%,Charles Schwab,$0.90,2019-12-12,$0.73,3.34%,13.86,0.88,1099,32.05%,35%,15%,1099,$25.72,$27.39,$25.30,$25.69,37.98,A,A,A+,B+,B+,B,A,4.18,29.36%,22.29%,359.87,2.50%,4.31%
SPEM,SPDR Portfolio Emerging Markets ETF,"$3,708,006.58",-6.17%,"1,154,668.0",$35.27,-3.48%,-4.37%,-2.41%,2.39%,17.84%,19.80%,"$308,302,313.00",$0.00,$0.00,"$1,058,408,331.00","$3,231,112,785.00","$3,231,112,785.00",Emerging Markets Equities,2007-03-23,0.11%,N/A,$1.11,2019-12-23,$0.72,3.00%,13.58,0.89,1696,22.00%,39%,20%,1099,$35.39,$37.53,$35.09,$35.47,38.68,N/A,N/A,N/A,N/A,N/A,N/A,N/A,4.25,35.32%,23.58%,386.14,3.21%,3.88%
FNDE,Schwab Fundamental Emerging Markets Large Company Index ETF,"$2,754,425.22",-9.89%,"416,494.0",$26.89,-3.65%,-5.45%,-4.95%,-2.00%,9.99%,26.67%,"$50,728,638.00",$0.00,$0.00,"$520,575,117.00","$1,780,616,712.02","$2,575,259,684.84",Emerging Markets Equities,2013-08-15,0.39%,Charles Schwab,$1.03,2019-12-12,$0.85,3.67%,10.66,0.89,257,33.20%,35%,15%,1099,$27.31,$29.05,$26.73,$27.03,35.38,A-,A-,A,A-,B-,C+,A-,4.45,47.67%,27.17%,537.1,2.10%,2.89%
DEM,WisdomTree Emerging Markets Equity Income Fund,"$2,248,552.94",-9.68%,"287,556.0",$41.34,-4.22%,-5.34%,-4.92%,-1.30%,15.23%,17.52%,"$41,662,329.00",$0.00,$0.00,"$179,700,195.00","$504,397,671.00","$179,170,375.00",Emerging Markets Equities,2007-07-13,0.63%,E*TRADE,$2.19,2019-12-23,$0.41,5.04%,8.55,0.85,490,28.60%,35%,15%,1099,$41.93,$44.54,$41.18,$41.56,35.35,A-,A,B,B,B-,A,A-,3.77,3.09%,16.72%,657.42,1.09%,2.48%
ESGE,iShares ESG MSCI EM ETF,"$2,075,746.43",-6.29%,"877,363.0",$33.67,-3.52%,-5.47%,-3.05%,1.17%,19.19%,N/A,"$1,325,907,532.00","$28,313,392.00","$104,207,277.00","$1,647,881,422.00","$2,122,159,724.00","$2,155,154,888.00",Emerging Markets Equities,2016-06-28,0.25%,N/A,$0.93,2019-12-16,$0.67,2.67%,13.01,0.83,306,27.42%,39%,20%,1099,$33.88,$36.29,$33.51,$33.81,38.62,N/A,N/A,A,N/A,N/A,N/A,N/A,6.81,98.27%,83.11%,208.05,0.24%,6.49%
GEM,Goldman Sachs ActiveBeta Emerging Markets Equity ETF,"$1,848,932.37",-6.76%,"163,460.0",$32.02,-3.67%,-5.93%,-4.30%,0.30%,15.81%,N/A,"$67,661,424.00",$0.00,"$53,719,384.00","$114,760,010.00","$742,907,468.00","$1,595,908,712.00",Emerging Markets Equities,2015-09-25,0.45%,N/A,$1.08,2019-12-24,$0.35,3.20%,12.62,0.88,429,22.51%,39%,20%,1099,$32.48,$34.63,$31.79,$32.22,37.94,A,A-,A,N/A,A-,C,A-,4.35,42.25%,25.16%,264.64,2.54%,5.26%
DGS,WisdomTree Emerging Markets SmallCap Divdend Fund,"$1,706,035.46",-9.91%,"251,458.0",$43.08,-3.47%,-5.09%,-5.63%,-4.17%,8.99%,15.97%,"-$8,204,326.00","-$31,994,508.00","-$31,994,508.00","$411,297,615.00","$715,642,930.00","$365,914,442.00",Emerging Markets Equities,2007-10-30,0.63%,E*TRADE,$1.89,2019-12-23,$0.38,4.17%,9.97,0.82,765,8.51%,35%,15%,1099,$43.76,$46.35,$42.88,$43.31,33.37,A,A-,B,A-,A-,B+,A,N/A,N/A,N/A,N/A,N/A,N/A
PXH,Invesco FTSE RAFI Emerging Markets ETF,"$1,348,673.40",-9.51%,"319,150.0",$20.18,-3.68%,-5.21%,-4.54%,-3.83%,8.57%,22.75%,"$4,129,450.00",$0.00,"$4,129,450.00","$108,459,476.00","$566,508,343.00","$919,588,596.00",Emerging Markets Equities,2007-09-27,0.50%,N/A,$0.73,2019-12-23,$0.11,3.45%,9.32,0.92,360,26.09%,35%,15%,1099,$20.50,$21.76,$20.07,$20.28,35.53,A-,A-,A-,B,B-,B+,A-,4.26,36.08%,23.78%,466.65,2.32%,3.40%
RSX,VanEck Vectors Russia ETF,"$1,123,390.01",-5.45%,"5,803,328.0",$23.61,-4.76%,-4.76%,-5.90%,20.44%,29.47%,70.71%,"-$109,028,915.00",$0.00,"-$102,025,252.50","-$602,230,129.50","-$1,715,893,379.50","-$1,073,532,155.50",Emerging Markets Equities,2007-04-30,0.65%,TD Ameritrade,$1.42,2019-12-23,$1.42,5.70%,7.35,0.87,27,57.44%,35%,15%,1099,$24.09,$25.71,$23.49,$23.79,39.26,B+,A,B,A,C,A-,C,3.56,9.53%,14.14%,874.01,0.00%,0.36%
XSOE,WisdomTree Emerging Markets ex-State-Owned Enterprises Fund,"$932,413.24",-5.06%,"245,185.0",$29.64,-3.70%,-5.82%,-2.98%,6.38%,29.09%,29.06%,"$215,656,064.00",$0.00,"$91,799,362.00","$607,434,436.00","$911,486,754.00","$903,792,719.89",Emerging Markets Equities,2014-12-10,0.32%,E*TRADE,$0.63,2019-12-23,$0.13,2.01%,18.46,1.06,520,32.42%,35%,15%,1099,$29.80,$32.06,$29.41,$29.85,39.72,A-,C,B+,B,B-,A,A,4.62,56.66%,32.28%,193.91,1.87%,4.91%
JHEM,John Hancock Multifactor Emerging Markets ETF,"$767,282.67",-7.83%,"34,861.0",$24.59,-3.76%,-5.94%,-3.95%,-1.52%,N/A,N/A,$0.00,$0.00,$0.00,"-$2,496,700.00","$746,632,021.00","$746,632,021.00",Emerging Markets Equities,2018-09-27,0.55%,N/A,$0.63,2019-12-24,$0.46,2.44%,12.90,0.93,587,23.06%,39%,20%,1099,$24.83,$26.61,$24.54,$24.65,37.87,N/A,N/A,N/A,N/A,N/A,N/A,N/A,4.34,42.15%,25.13%,363.75,2.75%,4.20%
DVYE,iShares Emerging Markets Dividend ETF,"$723,613.67",-7.58%,"153,265.0",$37.54,-3.69%,-4.99%,-5.15%,-3.17%,11.42%,13.03%,"$76,432,855.50",$0.00,$0.00,"$94,652,057.50","$484,314,204.00","$536,043,535.50",Emerging Markets Equities,2012-02-23,0.49%,Fidelity,$2.42,2019-12-16,$0.46,6.21%,8.22,0.78,97,20.92%,35%,15%,1099,$38.18,$40.24,$37.40,$37.75,35.73,A-,B+,A-,B-,B+,A,B,3.5,1.54%,13.45%,518.13,3.05%,2.04%
KSA,iShares MSCI Saudi Arabia ETF,"$690,285.85",-9.77%,"562,808.0",$27.90,-3.79%,-2.79%,-6.03%,-11.08%,19.51%,N/A,"-$67,157,178.00",$0.00,"-$31,254,067.50","$548,338,407.50","$767,114,105.00","$769,543,528.00",Emerging Markets Equities,2015-09-16,0.74%,N/A,$0.67,2019-12-16,$0.36,2.28%,15.24,0.43,73,58.24%,39%,20%,1099,$28.19,$30.24,$27.77,$28.08,30.69,C,C+,C+,N/A,N/A,C,B-,1.72,0.22%,1.94%,638.88,0.00%,2.40%
FEM,First Trust Emerging Markets AlphaDEX Fund,"$627,464.87",-7.42%,"184,469.0",$24.57,-3.87%,-5.04%,-4.29%,0.10%,17.11%,28.55%,"$29,039,371.00",$0.00,"$13,046,023.00","$8,979,805.50","$472,409,574.50","$230,816,768.43",Emerging Markets Equities,2011-04-19,0.80%,N/A,$0.88,2019-12-13,$0.09,3.44%,9.48,0.95,149,14.52%,35%,15%,1099,$24.91,$26.34,$24.42,$24.69,38.31,A-,B+,C+,A-,B,A-,B+,2.49,0.76%,5.24%,1193.09,2.54%,5.69%
LDEM,iShares ESG MSCI EM Leaders ETF,"$616,646.63",N/A,N/A,$49.25,-3.51%,-5.52%,N/A,N/A,N/A,N/A,"$621,322,900.00",$0.00,"$621,322,900.00","$621,322,900.00","$621,322,900.00","$621,322,900.00",Emerging Markets Equities,2020-02-05,N/A,N/A,$0.00,N/A,N/A,0.00%,N/A,0.00,406,31.94%,N/A,N/A,N/A,N/A,N/A,$49.14,$49.30,"",N/A,N/A,N/A,N/A,N/A,N/A,N/A,N/A,N/A,N/A,N/A,N/A,N/A
ERUS,iShares MSCI Russia ETF,"$615,079.65",-6.84%,"215,160.0",$39.74,-5.20%,-5.25%,-6.67%,24.53%,41.04%,88.54%,"$28,378,582.00",$0.00,$0.00,"-$71,422,054.50","$36,731,567.00","$135,626,390.00",Emerging Markets Equities,2010-11-09,0.59%,N/A,$3.14,2019-12-16,$2.50,7.47%,6.17,0.86,24,71.54%,35%,15%,1099,$40.55,$43.55,$39.46,$40.16,38.26,B+,A-,B,A+,C,A-,C,4.63,57.31%,32.43%,939.67,0.00%,0.66%
MFEM,PIMCO RAFI Dynamic Multi-Factor Emerging Market Equity ETF,"$602,729.80",-9.01%,"63,379.0",$22.62,-3.66%,-5.83%,-4.97%,-2.57%,N/A,N/A,"$66,834,180.00",$0.00,"$66,834,180.00","$256,958,538.00","$648,426,360.00","$648,426,360.00",Emerging Markets Equities,2017-08-31,0.49%,N/A,$0.59,2019-12-30,$0.28,2.49%,12.08,0.69,501,19.36%,39%,20%,1099,$23.02,$24.48,$22.56,$22.69,34.92,N/A,N/A,N/A,N/A,N/A,N/A,N/A,3.59,9.86%,14.53%,520.56,4.78%,2.80%
EWX,SPDR S&P Emerging Small Cap ETF,"$502,641.29",-6.19%,"50,689.0",$43.21,-3.14%,-3.64%,-3.59%,0.37%,5.59%,10.94%,"-$18,509,982.00","-$4,525,797.00","-$4,525,797.00","$7,080,859.00","$148,779,124.00","$70,580,348.00",Emerging Markets Equities,2008-05-12,0.65%,2 Platforms,$1.26,2019-12-23,$0.84,2.78%,12.74,0.78,1503,4.45%,35%,15%,1099,$43.51,$45.61,$43.01,$43.43,37.16,A,B+,B,A-,A,B+,A,N/A,N/A,N/A,N/A,N/A,N/A
FM,iShares MSCI Frontier 100 ETF,"$500,904.08",-4.86%,"91,094.0",$28.88,-2.63%,-4.10%,-5.76%,3.14%,13.79%,6.72%,"$10,459,351.00",$0.00,"$5,970,307.00","-$12,254,396.00","-$95,645,754.50","-$53,206,665.50",Emerging Markets Equities,2012-09-12,0.79%,Fidelity,$0.95,2019-12-16,$0.16,3.21%,11.81,0.59,102,45.84%,35%,15%,1099,$29.31,$31.00,$28.73,$29.14,30.18,A-,A,C+,B-,A+,B,B,N/A,N/A,N/A,N/A,N/A,N/A
EMGF,iShares Edge MSCI Multifactor Emerging Markets ETF,"$483,298.06",-7.31%,"54,545.0",$42.22,-3.45%,-5.02%,-3.39%,-0.09%,11.99%,N/A,"$54,004,414.00",$0.00,"$26,427,678.00","$190,599,863.00","$487,976,241.00","$515,962,271.00",Emerging Markets Equities,2015-12-08,0.45%,N/A,$1.20,2019-12-16,$0.75,2.74%,10.63,0.96,239,24.25%,39%,20%,1099,$42.51,$45.17,$41.89,$42.53,38.62,N/A,N/A,B-,N/A,N/A,N/A,B+,2.9,1.95%,7.56%,504.53,2.24%,5.82%
EMQQ,Emerging Markets Internet & Ecommerce ETF,"$448,280.14",1.70%,"98,600.0",$35.90,-3.96%,-5.43%,1.76%,17.21%,34.70%,58.72%,"$41,270,604.50","$1,901,811.00","$11,368,499.00","$22,671,642.50","$408,637,934.50","$429,878,434.50",Emerging Markets Equities,2014-11-12,0.86%,N/A,$0.46,2019-12-24,$0.46,1.20%,23.51,1.34,78,59.45%,35%,15%,1099,$34.94,$38.99,$35.54,$36.18,45.85,B-,B-,C,A,B-,C,C+,4.35,20.40%,25.29%,14.46,0.00%,0.88%
EDIV,SPDR S&P Emerging Markets Dividend ETF,"$393,213.27",-10.25%,"43,644.0",$28.81,-3.55%,-5.63%,-5.23%,-7.13%,7.97%,2.53%,"-$3,094,204.00",$0.00,"-$3,094,204.00","-$139,709,883.50","$60,780,208.00","$44,325,017.00",Emerging Markets Equities,2011-02-23,0.49%,Charles Schwab,$1.23,2019-12-23,$0.07,4.07%,11.44,0.78,100,29.53%,35%,15%,1099,$29.32,$31.27,$28.66,$28.92,34.02,A-,B+,A,C+,B,A,B,3.97,4.32%,19.31%,380.33,1.26%,2.86%
JPEM,JPMorgan Diversified Return Emerging Markets Equity ETF,"$355,446.49",-8.02%,"38,079.0",$52.43,-3.80%,-5.09%,-4.91%,-0.79%,11.97%,12.91%,"$11,039,598.00","$11,039,598.00","$11,039,598.00","$66,258,468.00","$263,227,472.00","$347,764,267.00",Emerging Markets Equities,2015-01-07,0.44%,N/A,$1.98,2019-12-23,$0.67,3.62%,12.08,0.79,499,13.36%,35%,15%,1099,$53.40,$56.32,$52.30,$52.69,34.58,A,B-,A,B,A,B+,A,3.99,19.50%,19.52%,587.54,3.20%,4.79%
EZA,iShares MSCI South Africa ETF,"$348,765.04",-11.70%,"516,723.0",$43.31,-4.98%,-7.34%,-5.17%,-9.94%,-10.22%,-20.42%,"-$3,997,544.00","-$14,069,118.00","-$27,860,994.00","-$140,782,966.00","$35,747,879.00","$31,928,829.00",Emerging Markets Equities,2003-02-07,0.59%,N/A,$6.02,2019-12-16,$4.71,13.14%,12.46,0.89,47,58.83%,35%,15%,1099,$44.21,$47.57,$43.08,$43.66,36.04,B+,A,B+,C+,C,B+,B-,6.0,95.12%,64.23%,337.29,3.94%,1.65%
TUR,iShares MSCI Turkey ETF,"$324,804.51",-3.62%,"425,982.0",$26.11,-2.57%,-5.60%,-6.85%,-2.45%,-21.38%,-41.46%,"-$33,429,429.50","-$2,780,585.00","-$44,834,641.50","-$204,263,898.50","-$66,899,783.00","-$44,557,156.50",Emerging Markets Equities,2008-03-26,0.59%,N/A,$0.89,2019-12-16,$0.30,3.35%,7.16,0.60,44,57.67%,35%,15%,1099,$26.50,$28.92,$25.81,$26.39,37.78,B+,A-,B,A,C+,B,B-,2.66,1.30%,6.05%,465.57,5.84%,1.30%
GREK,Global X FTSE Greece 20 ETF,"$259,938.54",-19.05%,"346,016.0",$8.20,-9.19%,-12.21%,-16.41%,10.06%,13.07%,-33.57%,"-$5,977,137.50","-$1,842,240.00","-$6,486,923.00","-$17,103,880.50","$1,430,307.00","$189,712,019.50",Emerging Markets Equities,2011-12-07,0.59%,2 Platforms,$0.23,2019-12-30,$0.19,2.47%,14.26,1.27,27,68.06%,35%,15%,1099,$8.68,$10.04,$8.06,$8.33,23.15,C,A,C,C,C,B-,C+,5.59,90.57%,52.02%,573.09,5.11%,5.01%
EEMS,iShares MSCI Emerging Markets Small-Cap ETF,"$231,291.61",-7.27%,"45,385.0",$41.97,-3.43%,-5.06%,-5.30%,-3.51%,1.71%,2.54%,"$39,391,378.50",$0.00,"$39,391,378.50","-$39,006,246.00","$78,614,300.00","$185,518,191.50",Emerging Markets Equities,2011-08-16,0.69%,Fidelity,$1.20,2019-12-16,$0.85,2.70%,12.28,0.80,1265,4.07%,35%,15%,1099,$42.65,$45.13,$41.71,$42.30,35.10,A-,B+,C+,A-,A,B-,A,N/A,N/A,N/A,N/A,N/A,N/A
ECON,Columbia Emerging Markets Consumer ETF,"$228,483.14",-3.49%,"30,405.0",$22.66,-3.41%,-4.99%,-1.82%,0.83%,-5.33%,-10.30%,"-$11,835,640.00",$0.00,"-$7,110,924.00","-$71,565,928.00","-$447,180,270.50","-$776,970,715.50",Emerging Markets Equities,2010-09-14,0.59%,N/A,$0.39,2019-12-20,$0.39,1.66%,20.98,0.85,60,42.65%,35%,15%,1099,$22.77,$24.27,$22.50,$22.82,40.28,C,A,C,C+,B-,C,C+,4.14,26.22%,21.72%,61.14,4.33%,7.76%
PIE,Invesco DWA Emerging Markets Momentum ETF,"$186,248.55",-5.17%,"91,689.0",$18.16,-4.27%,-5.42%,-2.89%,9.96%,18.40%,8.04%,"$2,011,008.00",$0.00,"-$7,578,912.00","$7,619,168.00","$34,098,836.50","-$64,297,114.00",Emerging Markets Equities,2007-12-28,0.90%,Charles Schwab,$0.37,2019-12-23,$0.15,1.92%,17.77,0.77,100,25.02%,35%,15%,1099,$18.24,$19.49,$18.10,$18.27,39.57,B,B+,C,B-,A,C,B,3.71,12.13%,15.85%,413.32,0.87%,5.30%
QEMM,SPDR MSCI Emerging Markets StrategicFactors ETF,"$183,750.30",-7.25%,"15,898.0",$56.42,-3.47%,-4.48%,-3.72%,-1.95%,10.61%,9.83%,"-$5,823,069.75",$0.00,"-$5,823,069.75","-$78,056,463.25","$40,941,388.75","$108,010,900.25",Emerging Markets Equities,2014-06-04,0.30%,Charles Schwab,$1.85,2019-12-20,$1.33,3.15%,13.55,0.78,890,18.94%,35%,15%,1099,$57.09,$60.16,$56.29,$56.68,36.34,A,B,A,A-,A-,B-,A,4.22,32.83%,23.05%,368.37,4.30%,5.61%
HEEM,iShares Currency Hedged MSCI Emerging Markets ETF,"$174,076.03",-4.49%,"43,065.0",$25.29,-3.33%,-4.20%,-1.75%,2.91%,20.35%,15.90%,"-$3,741,759.50","-$1,316,945.50","-$5,151,399.50","-$93,529,821.00","-$128,129,807.50","$118,203,050.00",Emerging Markets Equities,2014-09-23,0.68%,N/A,$0.80,2019-12-24,$0.56,3.06%,12.77,0.76,2,100.00%,39%,20%,1099,$25.30,$26.88,$25.22,$25.38,40.37,B+,A-,B-,B+,A-,B-,C,N/A,N/A,N/A,N/A,N/A,N/A
FLQE,Franklin LibertyQ Emerging Markets ETF,"$171,444.43",-8.41%,"15,265.0",$27.28,-3.30%,-4.67%,-4.56%,-3.83%,6.72%,N/A,"-$11,492,892.00",$0.00,"-$11,492,892.00","-$179,340,698.00","-$151,909,502.00","$130,309,592.00",Emerging Markets Equities,2016-06-01,0.45%,N/A,$1.78,2019-12-11,$1.49,6.26%,10.73,0.53,344,11.76%,39%,20%,1099,$27.68,$29.16,$27.19,$27.35,34.79,N/A,N/A,A-,N/A,N/A,N/A,N/A,3.36,6.61%,11.85%,499.36,5.08%,4.67%
FEMS,First Trust Emerging Markets Small Cap AlphaDEX Fund,"$162,267.94",-7.77%,"50,584.0",$36.45,-3.44%,-3.65%,-4.08%,6.79%,16.24%,32.64%,"$11,329,737.00",$0.00,"$11,329,737.00","$5,214,569.00","$57,325,748.00","$143,082,261.00",Emerging Markets Equities,2012-02-15,0.80%,N/A,$1.73,2019-12-13,$0.65,4.59%,8.03,0.93,201,11.12%,35%,15%,1099,$36.58,$38.73,$36.29,$36.63,40.20,B+,B,C+,A,B-,B+,B+,N/A,N/A,N/A,N/A,N/A,N/A
DBEM,Xtrackers MSCI Emerging Markets Currency-Hedged Equity Fund,"$115,696.86",-4.33%,"21,890.0",$22.73,-2.78%,-4.05%,-1.60%,3.43%,18.54%,15.98%,$0.00,$0.00,$0.00,"-$1,701,906.00","-$86,234,909.50","-$12,650,925.89",Emerging Markets Equities,2011-06-09,0.65%,E*TRADE,$0.62,2019-12-18,$0.43,2.60%,13.20,0.73,1100,27.54%,35%,15%,1099,$22.71,$24.13,$22.58,$22.88,40.36,A,B+,B-,A-,A,A-,A,4.16,27.74%,21.99%,321.83,2.65%,4.21%
QAT,iShares MSCI Qatar ETF,"$72,895.47",-6.63%,"23,284.0",$16.61,-2.58%,-3.01%,-8.61%,-6.40%,-6.45%,-16.41%,"$6,181,542.50","$2,546,455.50","$2,546,455.50","$23,863,981.00","$31,805,844.00","$54,563,815.00",Emerging Markets Equities,2014-04-29,0.59%,N/A,$0.63,2019-06-17,$0.64,3.73%,13.71,0.48,30,70.34%,35%,15%,1099,$16.55,$18.39,$16.45,$16.82,30.77,B+,B-,B+,B+,C+,A,C,2.6,1.19%,5.75%,331.45,0.00%,0.65%
DGRE,WisdomTree Emerging Markets Dividend Growth Fund,"$69,257.74",-7.92%,"15,321.0",$24.17,-4.09%,-5.92%,-4.39%,1.09%,12.59%,9.63%,$0.00,$0.00,$0.00,$0.00,"$29,161,174.00","$34,701,938.00",Emerging Markets Equities,2013-08-01,0.32%,2 Platforms,$0.61,2019-12-23,$0.11,2.42%,12.27,0.83,275,14.95%,35%,15%,1099,$24.49,$26.15,$24.09,$24.34,37.43,A-,B,B,B+,B-,A-,A-,3.11,1.23%,9.36%,445.49,2.85%,6.68%
RFEM,First Trust RiverFront Dynamic Emerging Markets ETF,"$67,118.23",-6.31%,"8,255.0",$60.67,-3.94%,-6.29%,-3.75%,0.16%,9.07%,N/A,$0.00,$0.00,$0.00,"-$41,551,050.00","$60,165,116.50","$76,717,507.00",Emerging Markets Equities,2016-06-14,0.95%,N/A,$2.43,2019-12-13,$1.34,3.78%,9.82,0.93,147,28.53%,39%,20%,1099,$61.35,$65.78,$60.53,$60.82,38.28,N/A,N/A,C,N/A,N/A,N/A,N/A,4.32,40.41%,24.67%,261.0,3.29%,2.89%
DVEM,WisdomTree Emerging Markets Dividend Fund,"$63,898.67",-9.07%,"12,495.0",$29.87,-3.83%,-5.50%,-4.96%,-1.72%,12.02%,N/A,"$9,904,845.00",$0.00,$0.00,"$28,585,972.00","$57,543,465.05","$63,067,342.05",Emerging Markets Equities,2016-04-07,0.32%,N/A,$1.16,2019-12-23,$0.24,3.72%,10.51,0.77,687,24.08%,39%,20%,1099,$30.32,$32.22,$29.79,$30.00,35.56,N/A,N/A,A,N/A,N/A,N/A,N/A,4.36,6.17%,25.36%,488.52,2.54%,4.44%
UAE,iShares MSCI UAE ETF,"$59,138.13",-6.18%,"14,087.0",$12.60,-2.25%,-1.25%,-7.03%,-9.59%,-17.81%,-22.01%,"$2,559,702.00","$1,258,632.00","$1,258,632.00","$17,018,508.00","$29,239,287.00","$40,461,568.50",Emerging Markets Equities,2014-04-29,0.59%,N/A,$0.48,2019-06-17,$0.48,3.69%,11.07,0.58,32,75.78%,35%,15%,1099,$12.51,$13.49,$12.50,$12.73,35.10,B+,B-,B,A,C+,A,C+,3.86,15.93%,17.83%,78.06,0.00%,0.39%
NUEM,Nuveen ESG Emerging Markets Equity ETF,"$59,054.11",-6.68%,"9,381.0",$25.48,-3.48%,-5.42%,-2.86%,-0.93%,N/A,N/A,$0.00,$0.00,$0.00,"$15,672,590.00","$51,124,670.00","$51,124,670.00",Emerging Markets Equities,2017-06-06,0.45%,N/A,$0.54,2019-12-27,$0.54,2.05%,16.81,0.90,366,31.14%,39%,20%,1099,$25.67,$27.52,$25.39,$25.63,39.10,N/A,N/A,N/A,N/A,N/A,N/A,N/A,5.84,93.82%,59.41%,192.88,0.07%,8.29%
EJUL,Innovator MSCI Emerging Markets Power Buffer ETF,"$57,998.18",-2.95%,"24,203.0",$25.23,-1.68%,-2.58%,-1.42%,N/A,N/A,N/A,"-$2,612,277.50",$0.00,$0.00,"$50,435,875.00","$50,435,875.00","$50,435,875.00",Emerging Markets Equities,2019-07-01,0.89%,N/A,$0.33,2019-11-19,$0.33,1.27%,0.00,0.75,1207,25.41%,39%,20%,1099,$25.32,$26.12,$25.18,$25.25,38.30,N/A,N/A,N/A,N/A,N/A,N/A,N/A,N/A,N/A,N/A,N/A,N/A,N/A
EEB,Invesco BRIC ETF,"$56,965.71",-0.26%,"9,985.0",$39.20,0.26%,2.69%,-4.13%,13.43%,33.27%,43.71%,"-$3,850,996.00",$0.00,"-$3,850,996.00","-$12,598,273.50","-$39,735,484.00","-$70,656,666.50",Emerging Markets Equities,2006-09-21,0.64%,Charles Schwab,$1.08,2020-02-12,$0.18,2.76%,11.22,1.04,117,47.11%,35%,15%,1099,$37.09,$40.57,N/A,N/A,53.28,B+,B-,B,B+,B-,B-,B,3.53,9.21%,13.81%,348.68,2.75%,0.82%
FRN,Invesco Frontier Markets ETF,"$51,997.25",0.03%,"43,036.0",$14.28,0.78%,1.35%,-2.82%,10.22%,23.24%,20.56%,"-$10,017,863.50",$0.00,"-$10,017,863.50","-$5,718,216.00","-$11,971,628.50","-$13,824,662.50",Emerging Markets Equities,2008-06-12,0.70%,Charles Schwab,$0.46,2019-12-23,$0.46,3.18%,10.50,0.68,30,84.85%,35%,15%,1099,$13.91,$14.60,N/A,N/A,51.42,B,B,C+,B-,A,C+,B-,5.39,0.00%,47.26%,477.3,1.25%,1.98%
CEZ,VictoryShares Emerging Market Volatility Weighted ETF,"$49,926.10",-7.14%,"10,517.0",$24.55,-3.31%,-4.89%,-4.39%,-3.89%,0.03%,N/A,"$1,350,590.50",$0.00,$0.00,"$34,079,326.50","$21,863,085.00","$47,479,030.00",Emerging Markets Equities,2016-03-23,0.50%,N/A,$0.60,2020-02-12,$0.01,2.35%,13.33,0.68,500,4.88%,20%,39%,1099,$24.74,$26.66,$24.53,$24.59,36.92,N/A,N/A,A-,N/A,N/A,N/A,N/A,3.8,13.98%,17.05%,504.95,2.12%,6.13%
CEY,VictoryShares Emerging Market High Dividend Volatility Weighted ETF,"$42,284.33",-8.48%,"8,502.0",$22.12,-3.11%,-4.56%,-3.87%,-6.46%,N/A,N/A,$0.00,$0.00,$0.00,"$14,369,350.00","$45,160,491.00","$45,160,491.00",Emerging Markets Equities,2017-10-26,0.51%,N/A,$1.11,2020-02-12,$0.04,4.86%,9.26,0.72,101,17.64%,39%,20%,1099,$22.36,$23.56,$22.07,$22.17,35.14,N/A,N/A,N/A,N/A,N/A,N/A,N/A,3.61,10.29%,14.75%,709.52,2.81%,2.60%
NGE,Global X MSCI Nigeria ETF,"$38,459.85",-5.53%,"30,160.0",$12.64,-2.77%,-6.37%,-12.16%,-26.94%,-7.51%,-54.88%,"$3,502,170.50",$0.00,$0.00,"$9,419,055.50","-$20,713,425.18","$12,720,370.82",Emerging Markets Equities,2013-04-02,0.88%,2 Platforms,$0.84,2019-12-30,$0.08,6.46%,4.80,0.17,21,72.01%,35%,15%,1099,$12.76,$14.43,$12.53,$12.86,31.59,B,B+,B-,C,B,A,C,5.23,82.02%,43.71%,985.86,4.25%,1.31%
RSXJ,VanEck Vectors Russia Small-Cap ETF,"$37,992.94",5.63%,"3,866.0",$38.09,-3.81%,-3.84%,0.02%,28.41%,4.51%,107.84%,$0.00,$0.00,$0.00,"-$5,081,008.50","-$61,646,767.00","-$57,179,081.43",Emerging Markets Equities,2011-04-13,0.76%,N/A,$1.65,2019-12-23,$1.65,4.17%,8.44,1.16,26,57.46%,35%,15%,1099,$37.69,$40.01,$37.82,$38.55,50.60,B-,B,B-,A,C+,C+,C,N/A,N/A,N/A,N/A,N/A,N/A
EMXC,iShares MSCI Emerging Markets ex China ETF,"$33,244.36",-8.48%,"7,092.0",$46.90,-3.87%,-6.26%,-6.23%,-1.58%,N/A,N/A,"$5,137,605.00",$0.00,$0.00,"$19,063,772.00","$23,959,282.00","$23,959,282.00",Emerging Markets Equities,2017-07-19,0.49%,N/A,$1.66,2019-12-16,$1.43,3.41%,13.13,0.69,516,34.51%,39%,20%,1099,$47.89,$51.09,$46.74,$47.04,34.47,N/A,N/A,N/A,N/A,N/A,N/A,N/A,4.52,52.11%,30.72%,351.01,2.45%,3.40%
EDOG,ALPS Emerging Sector Dividend Dogs ETF,"$31,708.47",-6.85%,"8,937.0",$20.26,-3.29%,-4.57%,-5.79%,-5.79%,-2.51%,-2.49%,"$3,162,367.50",$0.00,"$3,162,367.50","$1,057,950.50","$13,101,233.50","$27,049,804.20",Emerging Markets Equities,2014-03-27,0.60%,Charles Schwab,$1.07,2019-12-19,$0.17,5.08%,12.23,0.79,51,23.50%,35%,15%,1099,$20.64,$21.85,$20.22,$20.32,32.91,A-,C+,B+,A,B,A,B-,2.86,0.93%,7.27%,584.28,8.11%,3.41%
EMDV,ProShares MSCI Emerging Markets Dividend Growers ETF,"$30,473.09",-7.34%,"6,005.0",$55.63,-2.71%,-4.36%,-4.35%,-0.70%,19.13%,N/A,"$8,409,035.50",$0.00,"$1,159,177.60","$10,055,950.40","$21,644,532.40","$25,389,532.40",Emerging Markets Equities,2016-01-25,0.60%,N/A,$1.43,2019-12-24,$0.40,2.56%,15.46,0.65,76,16.11%,39%,20%,1099,$56.32,$59.42,$55.37,$55.80,34.92,N/A,N/A,B+,N/A,N/A,N/A,N/A,3.73,2.47%,16.13%,114.72,2.66%,7.85%
EGPT,VanEck Vectors Egypt Index ETF,"$30,102.03",-6.21%,"11,674.0",$27.17,-2.89%,-6.68%,-2.59%,-17.77%,-2.55%,-51.02%,$0.00,$0.00,$0.00,"-$1,519,375.50","-$28,465,731.50","-$2,410,575.41",Emerging Markets Equities,2010-02-16,0.98%,N/A,$0.61,2019-12-23,$0.60,2.11%,10.31,0.52,27,59.38%,35%,15%,1099,$27.65,$29.54,$26.87,$27.74,35.30,C,C+,C,C,C,C+,C,N/A,N/A,N/A,N/A,N/A,N/A
EYLD,Cambria Emerging Shareholder Yield ETF,"$29,855.01",-8.11%,"10,473.0",$29.86,-3.02%,-4.84%,-5.98%,1.51%,12.52%,N/A,"-$2,925,430.50",$0.00,"-$6,242,890.00","$12,580,828.50","$22,076,691.00","$27,373,264.00",Emerging Markets Equities,2016-07-14,0.66%,Interactive Brokers,$1.37,2019-12-26,$0.43,4.58%,8.97,0.68,93,20.09%,39%,20%,1099,$30.16,$32.11,$29.69,$30.02,34.86,N/A,N/A,C+,N/A,N/A,N/A,N/A,N/A,N/A,N/A,N/A,N/A,N/A
ISEM,Invesco Strategic Emerging Markets ETF,"$25,778.42",-9.26%,"3,402.0",$24.49,-3.89%,-5.26%,-4.15%,-5.43%,N/A,N/A,$0.00,$0.00,$0.00,"$24,671,496.50","$24,671,496.50","$24,671,496.50",Emerging Markets Equities,2018-09-12,0.35%,N/A,$0.61,2019-12-23,$0.08,2.37%,9.60,0.97,375,33.88%,39%,20%,1099,$24.72,$26.32,$24.41,$24.56,36.29,N/A,N/A,N/A,N/A,N/A,N/A,N/A,3.08,3.68%,9.07%,693.97,1.60%,2.49%
EMIF,iShares Emerging Markets Infrastructure ETF,"$21,116.30",-11.23%,"3,544.0",$27.95,-4.22%,-6.01%,-7.25%,-5.68%,-0.65%,-3.98%,$0.00,$0.00,$0.00,"-$11,756,720.50","-$22,507,004.50","-$56,934,004.50",Emerging Markets Equities,2009-06-16,0.75%,N/A,$0.65,2019-12-16,$0.24,2.23%,12.35,0.67,31,58.70%,35%,15%,1099,$28.52,$31.23,$27.80,$28.09,31.86,C+,B+,C+,B-,B,B+,B,3.21,14.45%,10.43%,625.59,7.10%,2.43%
XCEM,Columbia EM Core ex-China ETF,"$19,149.88",-8.88%,"7,318.0",$25.40,-3.20%,-5.61%,-5.68%,0.53%,8.15%,N/A,"$4,009,282.50",$0.00,"$2,618,053.00","$8,096,959.50","$8,063,248.50","$15,833,884.00",Emerging Markets Equities,2015-09-02,0.16%,N/A,$0.59,2019-12-20,$0.59,2.21%,13.59,0.79,101,35.82%,35%,15%,1099,$25.92,$27.47,$25.16,$25.83,34.04,B+,C,A,N/A,N/A,B,B,4.69,60.13%,33.42%,349.64,2.31%,4.53%
SDEM,Global X SuperDividend Emerging Markets ETF,"$19,085.30",-9.70%,"21,527.0",$12.53,-3.54%,-4.67%,-4.85%,-7.07%,-7.21%,N/A,"$2,103,466.00",$0.00,$0.00,"$716,770.50","$15,857,117.00","$22,075,750.00",Emerging Markets Equities,2015-03-16,0.67%,E*TRADE,$0.91,2020-02-05,$0.08,6.99%,6.65,0.85,50,26.84%,35%,15%,1099,$12.69,$13.39,$12.45,$12.62,36.45,B,C,B-,N/A,B-,A+,B-,3.64,1.85%,15.09%,575.76,0.00%,2.14%
FLRU,Franklin FTSE Russia ETF,"$18,404.72",-6.55%,"6,873.0",$27.59,-5.12%,-5.33%,-6.63%,26.28%,N/A,N/A,$0.00,$0.00,$0.00,"$4,040,147.50","$12,864,476.50","$12,864,476.50",Emerging Markets Equities,2018-02-06,0.19%,N/A,$1.75,2019-12-11,$1.58,6.02%,5.87,0.77,33,69.85%,39%,20%,1099,$28.10,$30.17,$27.50,$27.72,38.36,N/A,N/A,N/A,N/A,N/A,N/A,N/A,4.72,62.62%,34.07%,1072.82,0.00%,0.70%
EMFM,Global X Next Emerging & Frontier ETF,"$16,886.47",-7.98%,"3,127.0",$18.70,-2.86%,-4.24%,-6.09%,-8.47%,-0.17%,-8.77%,$0.00,$0.00,$0.00,"$5,238,466.50","$4,326,197.00","-$84,773,602.50",Emerging Markets Equities,2013-11-06,0.55%,2 Platforms,$0.58,2019-12-30,$0.24,2.99%,15.44,0.65,199,19.38%,35%,15%,1099,$19.02,$20.23,$18.49,$18.85,23.79,A-,B+,B+,B+,B+,B,B+,4.0,0.00%,19.69%,451.57,2.38%,3.85%
MXDE,Nationwide Maximum Diversification Emerging Markets Core Equity ETF,"$15,511.86",-5.93%,"8,271.0",$21.90,-3.35%,-4.43%,-4.10%,-0.47%,N/A,N/A,$0.00,$0.00,$0.00,"-$11,521,750.00","$3,587,270.00","$3,587,270.00",Emerging Markets Equities,2018-03-26,0.64%,N/A,$0.30,2019-12-19,$0.30,1.31%,16.97,0.61,295,13.50%,39%,20%,1099,$22.18,$23.27,$21.90,$21.90,36.79,N/A,N/A,N/A,N/A,N/A,N/A,N/A,3.66,11.81%,15.31%,207.29,4.91%,4.10%
OBOR,KraneShares MSCI One Belt One Road ETF,"$11,423.90",-7.42%,"6,910.0",$22.40,-4.15%,-3.98%,-1.32%,0.07%,N/A,N/A,$0.00,$0.00,$0.00,"-$9,464,067.00","$13,364,082.00","$13,364,082.00",Emerging Markets Equities,2017-09-07,0.79%,N/A,$1.05,2019-12-27,$1.05,4.43%,10.23,0.67,101,38.01%,39%,20%,1099,$22.27,$23.79,$22.31,$22.45,40.14,N/A,N/A,N/A,N/A,N/A,N/A,N/A,1.93,6.59%,2.66%,1111.63,3.86%,6.20%
RWED,Direxion MSCI Emerging Over Developed Markets ETF,"$9,861.77",-7.94%,"1,263.0",$49.35,-3.56%,-5.75%,-3.46%,-3.83%,N/A,N/A,"-$1,385,132.75",$0.00,$0.00,"-$3,903,775.75","-$3,903,775.75","-$3,903,775.75",Emerging Markets Equities,2019-01-16,0.58%,N/A,$1.55,2019-12-23,$1.13,3.00%,13.26,2.22,2,100.00%,39%,20%,1099,$49.50,$53.39,$49.35,$49.35,39.60,N/A,N/A,N/A,N/A,N/A,N/A,N/A,N/A,N/A,N/A,N/A,N/A,N/A
RNEM,First Trust Emerging Markets Equity Select ETF,"$9,711.71",-7.92%,"1,634.0",$48.43,-3.06%,-4.57%,-4.47%,-3.38%,N/A,N/A,$0.00,$0.00,$0.00,"$2,681,999.00","$5,161,003.00","$5,161,003.00",Emerging Markets Equities,2017-06-20,0.75%,N/A,$1.50,2019-12-13,$0.10,2.99%,13.34,0.60,249,23.41%,39%,20%,1099,$49.15,$52.04,$48.40,$48.46,33.97,N/A,N/A,N/A,N/A,N/A,N/A,N/A,4.69,60.35%,33.45%,355.68,4.38%,5.93%
FDEM,Fidelity Targeted Emerging Markets Factor ETF,"$9,667.88",-6.38%,"5,842.0",$24.00,-3.15%,-5.15%,-4.29%,N/A,N/A,N/A,$0.00,$0.00,$0.00,$0.00,$0.00,$0.00,Emerging Markets Equities,2019-02-26,0.45%,N/A,$0.61,2019-12-20,$0.14,2.48%,13.26,1.41,197,18.48%,39%,20%,1099,$24.37,$25.87,$23.90,$24.08,35.84,N/A,N/A,N/A,N/A,N/A,N/A,N/A,4.13,25.24%,21.52%,295.67,4.02%,6.40%
EMSG,Xtrackers MSCI Emerging Markets ESG Leaders Equity ETF,"$7,768.44",-6.61%,"1,656.0",$25.61,-3.50%,-5.91%,-2.75%,1.74%,N/A,N/A,$0.00,$0.00,$0.00,$0.00,$0.00,$0.00,Emerging Markets Equities,2018-12-06,0.20%,N/A,$0.98,2019-12-18,$0.77,3.63%,15.68,1.82,421,42.77%,N/A,N/A,N/A,$25.79,$27.73,$25.54,$25.70,38.75,N/A,N/A,N/A,N/A,N/A,N/A,N/A,6.48,97.18%,76.22%,228.56,0.30%,6.78%
EEMO,Invesco S&P Emerging Markets Momentum ETF,"$6,665.23",-7.21%,"4,650.0",$16.45,-3.35%,-4.33%,-4.54%,4.86%,27.07%,N/A,"$865,258.00","$865,258.00","$865,258.00","-$2,390,367.00","-$50,766,336.00","-$51,334,955.00",Emerging Markets Equities,2012-02-24,0.30%,N/A,$0.38,2019-12-23,$0.06,2.20%,13.81,0.99,180,32.83%,39%,20%,1099,$16.66,$17.55,$16.38,$16.50,36.96,N/A,N/A,N/A,N/A,N/A,N/A,N/A,5.25,82.56%,44.09%,457.74,2.52%,4.02%
REDV,Invesco Emerging Ultra Dividend Revenue ETF,"$3,457.29",-4.00%,930.0,$22.98,0.00%,1.85%,-6.73%,-0.23%,N/A,N/A,$0.00,$0.00,$0.00,"$1,222,006.50","$1,222,006.50","$1,222,006.50",Emerging Markets Equities,2018-08-07,0.46%,N/A,$1.12,2020-02-12,$0.08,4.87%,7.38,0.61,94,42.55%,39%,20%,1099,$21.89,$24.31,$22.96,$22.99,46.68,N/A,N/A,N/A,N/A,N/A,N/A,N/A,2.13,0.31%,3.54%,669.5,0.87%,0.93%
EEMD,AAM S&P Emerging Markets High Dividend Value ETF,"$3,083.05",-9.92%,"1,303.0",$20.38,-3.27%,-4.78%,-4.72%,-7.90%,N/A,N/A,$0.00,$0.00,$0.00,$0.00,"$1,152,775.00","$1,152,775.00",Emerging Markets Equities,2017-11-28,0.50%,N/A,$1.32,2020-02-03,$0.11,6.21%,8.20,0.75,56,21.65%,39%,20%,1099,$20.69,$21.85,$20.34,$20.42,34.72,N/A,N/A,N/A,N/A,N/A,N/A,N/A,3.31,6.07%,11.42%,763.05,0.00%,2.55%
PBEE,Invesco PureBetaSM FTSE Emerging Markets ETF,"$2,387.02",-6.69%,148.0,$23.83,-3.40%,-4.12%,-3.02%,2.08%,N/A,N/A,$0.00,$0.00,$0.00,$0.00,$0.00,$0.00,Emerging Markets Equities,2017-09-22,0.14%,N/A,$0.77,2019-12-23,$0.28,3.12%,14.09,0.78,965,30.20%,39%,20%,1099,$24.00,$25.44,$23.83,$23.83,39.02,N/A,N/A,N/A,N/A,N/A,N/A,N/A,4.27,36.29%,23.84%,333.69,2.53%,3.78%
FLSA,Franklin FTSE Saudi Arabia ETF,"$2,350.31",-9.32%,305.0,$23.59,-3.28%,-2.12%,-5.87%,-10.75%,N/A,N/A,$0.00,$0.00,$0.00,$0.00,$0.00,$0.00,Emerging Markets Equities,2018-10-09,0.39%,N/A,$0.83,2019-12-11,$0.36,3.40%,17.31,0.63,44,64.37%,39%,20%,1099,$23.72,$25.41,$23.58,$23.60,30.31,N/A,N/A,N/A,N/A,N/A,N/A,N/A,1.3,0.11%,0.86%,602.14,0.00%,2.81%
FLZA,Franklin FTSE South Africa ETF,"$2,274.03",-11.70%,527.0,$22.77,-4.61%,-6.60%,-5.07%,-8.97%,N/A,N/A,$0.00,$0.00,$0.00,$0.00,$0.00,$0.00,Emerging Markets Equities,2018-10-09,0.19%,N/A,$2.69,2019-12-30,$1.93,11.29%,14.33,0.88,72,53.72%,39%,20%,1099,$23.22,$24.80,$22.73,$22.84,35.86,N/A,N/A,N/A,N/A,N/A,N/A,N/A,5.92,94.37%,61.46%,385.77,4.92%,1.99%
ECOW,Pacer Emerging Markets Cash Cows 100 ETF,"$1,166.53",-9.29%,766.0,$23.04,-5.03%,-5.26%,-4.79%,N/A,N/A,N/A,$0.00,$0.00,$0.00,"-$1,303,905.00","-$1,303,905.00","-$1,303,905.00",Emerging Markets Equities,2019-05-02,0.70%,N/A,$2.05,2019-12-24,$1.44,8.53%,9.60,3.02,101,20.65%,N/A,N/A,N/A,$23.01,$25.91,$23.03,$23.06,39.52,N/A,N/A,N/A,N/A,N/A,N/A,N/A,2.96,2.49%,8.10%,1221.98,3.13%,1.77%
